-- Table sample data
-- Users
insert into Users (user_id, name, email, role, hash)
values (1, 'Alex', 'alex@gmail.com', 'Financial Analyst', '$2a$04$sm9mY5jYVumGcPE3hIEBpOMgFl5O5hhH/AC7wIi2GgObOxSUinyXy');
insert into Users (user_id, name, email, role, hash)
values (2, 'Jamie', 'ja.Siu@hotmail.com', 'Backend Developer', '$2a$04$VT1TlVxgHbAWWG76LQ/VW.6bGHrAeaY/B6qNGk5vZ6WxQelq9ZUXG');
insert into Users (user_id, name, email, role, hash)
values (3, 'Mia', 'mi.smith@northeastern.edu', 'College Student', '$2a$04$JQPFNfeWs27BB5Jb8p0EoOU/7pn/B3OliS2XKobxYDZgZaO.rVzCa');
insert into Users (user_id, name, email, role, hash)
values (4, 'Daniel', 'DanielSmith@gmail.com', 'Office Worker', '$2a$04$m7rv78cih088.j9XtJWijOxCyG.jXo2Jja3WG/7K40zXZCtY3weeG');

INSERT INTO Users (user_id, name, email, role, hash) VALUES
(5, 'Alyce Wille', 'awille0@google.com.br', 'manager', '$2a$04$2jcLZY/6McraAJuSbphcIuC4LkfJCuByKpL6T4uLCudpMffTlXDDm'),
(6, 'Antonin Dutt', 'adutt1@reverbnation.com', 'employee', '$2a$04$TWiMRaSLdElMOijsSjoMGunJFvXtAJr1hRwIUOcqXDNyKcJKuWFKK'),
(7, 'Misha Baptie', 'mbaptie2@miibeian.gov.cn', 'employee', '$2a$04$hEuGcLOraEr2koLEErV5YOV3e02v.R0QyKyPmFvtCRY25ZTlr8mYu'),
(8, 'Florinda Jelleman', 'fjelleman3@joomla.org', 'employee', '$2a$04$P3TxwD.tOGvFLwuQsgyZxO3d4rLfNEN.p8LDYRp7nGL84NXUtcCL2'),
(9, 'Rosabelle Brook', 'rbrook4@msu.edu', 'admin', '$2a$04$gmkz3gx1AGtemqHTqlw5KuLZuutIgT3uZt5npB3JDJOs7v2oEkA.K'),
(10, 'Hinda Lowry', 'hlowry5@dyndns.org', 'admin', '$2a$04$ECqNe2YoxMszb/Oo2oZPUuc2lvke3ibcGZ6gsvwo.JQWLxwST3Y2e'),
(11, 'Juliana Winger', 'jwinger6@craigslist.org', 'user', '$2a$04$1V58pz8L.RMhbgfZjdQGf.xddj9XDiEVYSyxxV6.aLEMwSis.qF9m'),
(12, 'George Dean', 'gdean7@lycos.com', 'user', '$2a$04$rXK2Jd81GoqX8v1JB030NO1qpYTgu4SuA4SNvYeowfjKJSD1ijBrO'),
(13, 'Elroy Gingles', 'egingles8@networkadvertising.org', 'employee', '$2a$04$xAY0xtHfyADwyejCqrAg6u8qLMByXZ2PrGLN6Fd2hAItOlLrG8FjS'),
(14, 'Vina Geerdts', 'vgeerdts9@nymag.com', 'user', '$2a$04$Deoiz.0BqP3yJFsH/W3HNeGVFmPv95rcdpruh1hd.BkAvoV2Gj1eO'),
(15, 'Korry Crut', 'kcruta@cyberchimps.com', 'employee', '$2a$04$OfGB9IB7pnTYNqDDJk1uMOiGlrGiH1wvNDHDl4G5AtUXwAAHDGZE.'),
(16, 'Jessamyn Niezen', 'jniezenb@foxnews.com', 'employee', '$2a$04$IHKCD1CRcrixAmNH6mbmO.U0d2CBeL6bJFOvfrY7NXD3tlAjBzX/W'),
(17, 'Phineas Eakley', 'peakleyc@discovery.com', 'employee', '$2a$04$0w2Fcnmg9PSmXuCmcdcKsOdjS30T/qoOCwb5BcG1rFsnd2W1OYcLi'),
(18, 'Curran Lant', 'clantd@latimes.com', 'manager', '$2a$04$95Dv2bbFh6N//Gp51yhzM.V1ipAsWO4FXnrn9wONGFRFZJMOHAIsS'),
(19, 'Sterling Lillecrop', 'slillecrope@desdev.cn', 'user', '$2a$04$MwFiYCjPMupPfMalhGbSjePqkHsDhmQXIBclQ8mnsYV2.tQXTuQEu'),
(20, 'Marisa Meah', 'mmeahf@topsy.com', 'user', '$2a$04$o9/GCs1fvwwrToCT29NaleoaLDQG1c2.e/wSd7y1.Uh5vbMuZyEOy'),
(21, 'Josselyn Spadelli', 'jspadellig@netscape.com', 'employee', '$2a$04$oQ1df1nXtJ7gj17lxa0SauN99DXvKXB/qSBZavS12iILQVDF3NkN.'),
(22, 'Verge Forrington', 'vforringtonh@howstuffworks.com', 'manager', '$2a$04$EYc5VpiHofLjuffrAN.4VO5FbHneLTpFHNfQh5XbUCKZcE.8XgJdK'),
(23, 'Gretta Wulfinger', 'gwulfingeri@arstechnica.com', 'manager', '$2a$04$ZQF42gpQJZ/rp3SL8t/Y0OxX3c9y50AUrHJGVZ4xmZvyweTZvl7Ti'),
(24, 'Jan Brookshaw', 'jbrookshawj@alexa.com', 'manager', '$2a$04$b3ExTSDfkvXt/wcye7a3Fef/RADx1j36iYP5eKbgeYZ.ZXInnfuHa'),
(25, 'Pavel Clemmensen', 'pclemmensenk@dedecms.com', 'employee', '$2a$04$ZIxR1NPV2OWH.tFBSBHC/Of60WRV5KffwRvKiN7vaqJlli9RL1H6q'),
(26, 'Raddie Alan', 'ralanl@cpanel.net', 'user', '$2a$04$RdFqj4qZxeKYRXblMKpn.O9abwM4FTXbh6RU1KswZNby5LMm9wRzi'),
(27, 'Bartolomeo McCaw', 'bmccawm@vkontakte.ru', 'manager', '$2a$04$337uxOE2q2VI3m.eihQyJ.Cgv6kfiZMaqBv../WYmMV2flqmXM9iO'),
(28, 'Gloria Pharro', 'gpharron@opensource.org', 'employee', '$2a$04$tLvFKqbSIN11.p8yQs/OIOCZLcNpjTPL2sRk8WGnWpfkYmK8an6b.'),
(29, 'Lyndsie Maitland', 'lmaitlando@symantec.com', 'admin', '$2a$04$aheIMujU4aSbE.cwWzaBteu4dpsQ.LRvGVcyB8QEvpu2x2yNy/l96'),
(30, 'Filberte Brithman', 'fbrithmanp@surveymonkey.com', 'employee', '$2a$04$a9PDFAM88wHZ0HzS0N4Wse5MisbdvncFTXOYBIDOy15iwITEQhrnq'),
(31, 'Lacey Artois', 'lartoisq@live.com', 'manager', '$2a$04$5NZXEj7jrSnYgJ9AF/LsY.2SoGZIjAxT//1RSck15jS35vQG7Y93i'),
(32, 'Gwenneth Volage', 'gvolager@sfgate.com', 'employee', '$2a$04$16pRLSfUdzZusmZlVaTrNuBTHGsu0es3BUe4.Gv5ILsemfs3cDPH6'),
(33, 'Hart MacTurlough', 'hmacturloughs@behance.net', 'employee', '$2a$04$qLfhvMiqafd2m7U.aAT/WOqomJHve/k6DJFINScVpLqu1PueB6/FO'),
(34, 'Aprilette Hutcheon', 'ahutcheont@ibm.com', 'user', '$2a$04$sjEm65z.7hpy1XIVu8VjL.Jenghx/PxkUEwoAXpnvM5J7YiPJ8W8u'),
(35, 'Kelwin Proughten', 'kproughtenu@usa.gov', 'admin', '$2a$04$7OI8vfZ80PidEhHVVdGsB.c6hbXg5G1QUY4b1.7kVLE4R2VjWguB2'),
(36, 'Avictor Ritter', 'aritterv@simplemachines.org', 'employee', '$2a$04$HI7wtMJ8NgnSwqUNhDdD1.feo8wxtsTw2p556l.CHd4HVtOm/L9nG'),
(37, 'Orren Dightham', 'odighthamw@bloomberg.com', 'user', '$2a$04$B.qSlKCSNY4AXPJiBBIl4OcjTwjg55DrcTLIrLCa0LXk8m3lh8wAW'),
(38, 'Ivor Smallsman', 'ismallsmanx@amazon.co.jp', 'manager', '$2a$04$I6vPFV9GUjON8F/lWQE8pekBaYn17t1/pwZ4/lN8EzbVnwIAJXBUy'),
(39, 'Lee Bladesmith', 'lbladesmithy@yolasite.com', 'user', '$2a$04$B/PbN/GI6CDAUi9QEdUlVe50bbx0CRmARwPJr4HctGfZcNnA9k/6G'),
(40, 'Vivianna Malletratt', 'vmalletrattz@example.com', 'user', '$2a$04$7q2qeA2rO4Ww4IgufWX1GuAKhE6IuUbpUwbufdyuwQqlsTOOK1.GW');

-- Strategies
insert into Strategies (strat_id, user_id, name, description, is_public)
values (1, 2, 'Swing Trading', 'trade on both sides of investment', true);
insert into Strategies (strat_id, user_id, name, description, is_public)
values (2, 1, 'Day Trading', 'open a trade and close it later in the day', true);
insert into Strategies (strat_id, user_id, name, description, is_public)
values (3, 3, 'Momentum Trading', 'Buy whats going up, sell whats going down', true);
insert into Strategies (strat_id, user_id, name, description, is_public)
values (4, 4, 'Arbitrage', 'WIP', false); -- currently developing strategy page

INSERT INTO Strategies (strat_id, user_id, name, description, is_public) VALUES
(5, 24, 'Scalping', 'Integer tincidunt ante vel ipsum. Praesent blandit lacinia erat. Vestibulum sed magna at nunc commodo placerat.', TRUE),
(6, 33, 'Swing Trading', 'Maecenas ut massa quis augue luctus tincidunt. Nulla mollis molestie lorem. Quisque ut erat.', FALSE),
(7, 6, 'Day Trading', 'Maecenas ut massa quis augue luctus tincidunt. Nulla mollis molestie lorem. Quisque ut erat.', TRUE),
(8, 31, 'Position Trading', 'Nullam porttitor lacus at turpis. Donec posuere metus vitae ipsum. Aliquam non mauris.', FALSE),
(9, 39, 'Trend Following', 'Curabitur at ipsum ac tellus semper interdum. Mauris ullamcorper purus sit amet nulla. Quisque arcu libero, rutrum ac, lobortis vel, dapibus at, diam.', FALSE),
(10, 36, 'Mean Reversion', 'Duis bibendum, felis sed interdum venenatis, turpis enim blandit mi, in porttitor pede justo eu massa. Donec dapibus. Duis at velit eu est congue elementum.', TRUE),
(11, 40, 'Breakout Trading', 'Duis aliquam convallis nunc. Proin at turpis a pede posuere nonummy. Integer non velit.', FALSE),
(12, 16, 'Momentum Trading', 'Curabitur in libero ut massa volutpat convallis. Morbi odio odio, elementum eu, interdum eu, tincidunt in, leo. Maecenas pulvinar lobortis est.', FALSE),
(13, 38, 'Arbitrage', 'Vestibulum quam sapien, varius ut, blandit non, interdum in, ante. Vestibulum ante ipsum primis in faucibus orci luctus et ultrices posuere cubilia Curae; Duis faucibus accumsan odio. Curabitur convallis.', TRUE),
(14, 23, 'Pairs Trading', 'Aliquam quis turpis eget elit sodales scelerisque. Mauris sit amet eros. Suspendisse accumsan tortor quis turpis.', TRUE),
(15, 12, 'High-Frequency Trading', 'In hac habitasse platea dictumst. Etiam faucibus cursus urna. Ut tellus.', TRUE),
(16, 7, 'Algorithmic Trading', 'Praesent blandit. Nam nulla. Integer pede justo, lacinia eget, tincidunt eget, tempus vel, pede.', FALSE),
(17, 29, 'Value Investing', 'Mauris enim leo, rhoncus sed, vestibulum sit amet, cursus id, turpis. Integer aliquet, massa id lobortis convallis, tortor risus dapibus augue, vel accumsan tellus nisi eu orci. Mauris lacinia sapien quis libero.', FALSE),
(18, 27, 'Growth Investing', 'Proin eu mi. Nulla ac enim. In tempor, turpis nec euismod scelerisque, quam turpis adipiscing lorem, vitae mattis nibh ligula nec sem.', FALSE),
(19, 17, 'Options Selling', 'Vestibulum quam sapien, varius ut, blandit non, interdum in, ante. Vestibulum ante ipsum primis in faucibus orci luctus et ultrices posuere cubilia Curae; Duis faucibus accumsan odio. Curabitur convallis.', TRUE),
(20, 20, 'Options Buying', 'Proin interdum mauris non ligula pellentesque ultrices. Phasellus id sapien in sapien iaculis congue. Vivamus metus arcu, adipiscing molestie, hendrerit at, vulputate vitae, nisl.', FALSE),
(21, 5, 'Futures Trading', 'Praesent blandit. Nam nulla. Integer pede justo, lacinia eget, tincidunt eget, tempus vel, pede.', TRUE),
(22, 28, 'ETF Rotation', 'Morbi porttitor lorem id ligula. Suspendisse ornare consequat lectus. In est risus, auctor sed, tristique in, tempus sit amet, sem.', TRUE),
(23, 34, 'Crypto Scalping', 'Quisque id justo sit amet sapien dignissim vestibulum. Vestibulum ante ipsum primis in faucibus orci luctus et ultrices posuere cubilia Curae; Nulla dapibus dolor vel est. Donec odio justo, sollicitudin ut, suscipit a, feugiat et, eros.', FALSE),
(24, 15, 'Commodities Trading', 'Lorem ipsum dolor sit amet, consectetuer adipiscing elit. Proin risus. Praesent lectus.', FALSE),
(25, 18, 'Index Fund Rotation', 'Duis bibendum, felis sed interdum venenatis, turpis enim blandit mi, in porttitor pede justo eu massa. Donec dapibus. Duis at velit eu est congue elementum.', TRUE),
(26, 37, 'Sector Rotation', 'Sed ante. Vivamus tortor. Duis mattis egestas metus.', TRUE),
(27, 11, 'Dividend Growth', 'In congue. Etiam justo. Etiam pretium iaculis justo.', TRUE),
(28, 26, 'Risk Parity', 'Sed ante. Vivamus tortor. Duis mattis egestas metus.', FALSE),
(29, 25, 'Statistical Arbitrage', 'Duis bibendum, felis sed interdum venenatis, turpis enim blandit mi, in porttitor pede justo eu massa. Donec dapibus. Duis at velit eu est congue elementum.', FALSE),
(30, 9, 'Market Neutral', 'Proin eu mi. Nulla ac enim. In tempor, turpis nec euismod scelerisque, quam turpis adipiscing lorem, vitae mattis nibh ligula nec sem.', FALSE),
(31, 21, 'Contrarian Investing', 'Aenean lectus. Pellentesque eget nunc. Donec quis orci eget orci vehicula condimentum.', TRUE),
(32, 32, 'Quantitative Trading', 'Maecenas tristique, est et tempus semper, est quam pharetra magna, ac consequat metus sapien ut nunc. Vestibulum ante ipsum primis in faucibus orci luctus et ultrices posuere cubilia Curae; Mauris viverra diam vitae quam. Suspendisse potenti.', TRUE),
(33, 35, 'Microcap Trading', 'Etiam vel augue. Vestibulum rutrum rutrum neque. Aenean auctor gravida sem.', TRUE),
(34, 13, 'Event-Driven Trading', 'Duis bibendum. Morbi non quam nec dui luctus rutrum. Nulla tellus.', FALSE),
(35, 14, 'Hedging Strategy', 'Curabitur in libero ut massa volutpat convallis. Morbi odio odio, elementum eu, interdum eu, tincidunt in, leo. Maecenas pulvinar lobortis est.', TRUE),
(36, 22, 'Global Macro', 'Donec diam neque, vestibulum eget, vulputate ut, ultrices vel, augue. Vestibulum ante ipsum primis in faucibus orci luctus et ultrices posuere cubilia Curae; Donec pharetra, magna vestibulum aliquet ultrices, erat tortor sollicitudin mi, sit amet lobortis sapien sapien non mi. Integer ac neque.', FALSE),
(37, 19, 'Seasonal Trading', 'Quisque id justo sit amet sapien dignissim vestibulum. Vestibulum ante ipsum primis in faucibus orci luctus et ultrices posuere cubilia Curae; Nulla dapibus dolor vel est. Donec odio justo, sollicitudin ut, suscipit a, feugiat et, eros.', FALSE),
(38, 8, 'Penny Stock Pump Detection', 'Vestibulum ac est lacinia nisi venenatis tristique. Fusce congue, diam id ornare imperdiet, sapien urna pretium nisl, ut volutpat sapien arcu sed augue. Aliquam erat volutpat.', TRUE),
(39, 10, 'Forex Scalping', 'Praesent blandit. Nam nulla. Integer pede justo, lacinia eget, tincidunt eget, tempus vel, pede.', TRUE),
(40, 30, 'Swing Options', 'Quisque porta volutpat erat. Quisque erat eros, viverra eget, congue eget, semper rutrum, nulla. Nunc purus.', FALSE);

-- Assets
insert into Assets (asset_id, ticker, name, asset_class, sector)
values (1, 'PRTK', 'Paratek Pharmaceuticals, Inc.', 'equity','Major Pharmaceuticals');
insert into Assets (asset_id, ticker, name, asset_class, sector)
values (2, 'SHLO', 'Shiloh Industries, Inc.', 'fixed income','Industrial Specialties');
insert into Assets (asset_id, ticker, name, asset_class, sector)
values (3, 'VEACU', 'Vantage Energy Acquisition Corp.', 'equity','Business Services');
insert into Assets (asset_id, ticker, name, asset_class, sector)
values (4, 'GOODP', 'Gladstone Commercial Corporation', 'fixed income','Real Estate');

INSERT INTO Assets (asset_id, ticker, name, asset_class, sector) VALUES
(5, 'RFR', 'Realfire', 'Mutual Fund', 'Technology'),
(6, 'BRV', 'Brainverse', 'ETF', 'Healthcare'),
(7, 'QMM', 'Quimm', 'Mutual Fund', 'Healthcare'),
(8, 'DZY', 'Dynazzy', 'Mutual Fund', 'Finance'),
(9, 'BSPH', 'Brainsphere', 'Mutual Fund', 'Consumer Goods'),
(10, 'AVM', 'Avamm', 'Bond', 'Healthcare'),
(11, 'VNT', 'Vinte', 'Stock', 'Energy'),
(12, 'FLDG', 'Flashdog', 'Bond', 'Technology'),
(13, 'RMB', 'Roombo', 'Bond', 'Consumer Goods'),
(14, 'RBR', 'Realbridge', 'ETF', 'Finance'),
(15, 'MV', 'Meevee', 'Mutual Fund', 'Energy'),
(16, 'SKV', 'Skivee', 'Stock', 'Consumer Goods'),
(17, 'KNDL', 'Kanoodle', 'ETF', 'Healthcare'),
(18, 'ZBX', 'Zoombox', 'Mutual Fund', 'Technology'),
(19, 'ZBT', 'Zoombeat', 'Mutual Fund', 'Technology'),
(20, 'EAY', 'Eayo', 'Stock', 'Healthcare'),
(21, 'YSPN', 'Youspan', 'Bond', 'Technology'),
(22, 'YDO', 'Yodoo', 'ETF', 'Healthcare'),
(23, 'JTW', 'Jetwire', 'Bond', 'Healthcare'),
(24, 'PLMB', 'Plambee', 'ETF', 'Consumer Goods'),
(25, 'BBTB', 'Bubbletube', 'Stock', 'Consumer Goods'),
(26, 'QTZ', 'Quatz', 'Mutual Fund', 'Energy'),
(27, 'KZO', 'Kazio', 'Bond', 'Finance'),
(28, 'DBX', 'Dynabox', 'Stock', 'Healthcare'),
(29, 'DVP', 'Divape', 'Stock', 'Finance'),
(30, 'FLPO', 'Flipopia', 'ETF', 'Energy'),
(31, 'YFD', 'Youfeed', 'Mutual Fund', 'Finance'),
(32, 'AVMB', 'Avamba', 'Bond', 'Consumer Goods'),
(33, 'GCB', 'Gabcube', 'Bond', 'Energy'),
(34, 'WKV', 'Wikivu', 'Stock', 'Energy'),
(35, 'DBFD', 'Dabfeed', 'ETF', 'Healthcare'),
(36, 'ZBT', 'Zoombeat', 'ETF', 'Consumer Goods'),
(37, 'RHNX', 'Rhynyx', 'ETF', 'Finance'),
(38, 'JLO', 'Jaloo', 'Mutual Fund', 'Finance'),
(39, 'TGP', 'Tagpad', 'Bond', 'Consumer Goods'),
(40, 'KWMB', 'Kwimbee', 'Stock', 'Finance');

-- Price history
insert into Price_History (asset_id, date, open_price, close_price, high_price, low_price, volume)
values (1, 3/19/2015, 407.96, 964.51, 689.35, 132.21, 789954);
insert into Price_History (asset_id, date, open_price, close_price, high_price, low_price, volume)
values (2, 8/29/2014, 764.08, 244.07, 754.82, 663.42, 913398);
insert into Price_History (asset_id, date, open_price, close_price, high_price, low_price, volume)
values (3, 10/4/2022, 133.05, 452.1, 736.38, 394.72, 936619);
insert into Price_History (asset_id, date, open_price, close_price, high_price, low_price, volume)
values (4, 10/25/2016, 768.78, 227.12, 748.86, 659.92, 886594);

INSERT INTO Price_History (asset_id, date, open_price, close_price, high_price, low_price, volume) VALUES
(5, 3/21/2015, 989.67, 665.32, 272.72, 745.52, 47369),
(6, 9/29/2015, 63.91, 461.69, 123.59, 244.33, 372209),
(7, 12/22/2009, 414.77, 388.46, 779.48, 394.23, 31238),
(8, 3/19/2012, 802.94, 2.78, 597.96, 222.22, 429821),
(9, 5/23/2018, 992.67, 153.64, 353.96, 153.58, 484862),
(10, 6/8/2004, 760.26, 931.17, 502.23, 853.49, 864299),
(11, 4/27/2002, 940.98, 631.1, 369.91, 501.61, 187567),
(12, 7/29/2007, 571.93, 233.05, 820.87, 534.59, 564727),
(13, 7/16/2004, 740.66, 845.34, 901.1, 367.63, 452268),
(14, 11/14/2014, 842.98, 71.88, 496.42, 986.26, 21093),
(15, 6/30/2022, 281.69, 404.74, 872.24, 828.4, 439910),
(16, 9/29/2009, 823.78, 289.11, 834.79, 573.82, 544943),
(17, 11/30/2020, 875.64, 446.84, 408.01, 922.61, 94422),
(18, 5/3/2005, 865.48, 573.8, 504.13, 990.44, 530963),
(19, 1/2/2016, 405.16, 56.95, 111.55, 977.21, 716202),
(20, 8/4/2001, 215.54, 690.69, 881.81, 110.15, 246017),
(21, 5/28/2020, 29.72, 187.28, 430.75, 552.52, 642174),
(22, 7/1/2003, 132.73, 216.02, 698.46, 182.75, 388028),
(23, 3/14/2022, 564.79, 218.79, 165.56, 274.29, 105264),
(24, 7/29/2013, 193.93, 284.7, 647.66, 280.35, 668513),
(25, 3/1/2006, 311.61, 189.35, 390.86, 625.72, 829886),
(26, 2/2/2016, 709.88, 172.9, 716.87, 896.66, 118648),
(27, 8/20/2020, 99.23, 549.97, 162.11, 402.18, 58019),
(28, 8/7/2016, 448.86, 862.16, 860.28, 951.5, 910640),
(29, 12/30/2020, 766.48, 289.62, 650.01, 297.84, 933655),
(30, 11/5/2015, 804.95, 482.0, 353.18, 843.49, 895987),
(31, 11/19/2011, 922.66, 962.83, 245.92, 90.74, 625088),
(32, 12/14/2008, 958.39, 688.05, 809.48, 504.53, 929029),
(33, 5/6/2001, 809.15, 757.7, 393.03, 280.4, 636730),
(34, 7/2/2006, 493.77, 292.22, 822.67, 827.2, 499019),
(35, 1/17/2004, 272.02, 111.05, 311.55, 876.15, 428682),
(36, 2/17/2014, 318.34, 381.6, 913.26, 7.39, 300496),
(37, 12/26/2005, 723.11, 514.85, 608.26, 760.05, 154644),
(38, 6/19/2007, 381.07, 132.97, 201.89, 845.17, 514185),
(39, 1/13/2018, 83.46, 787.84, 251.57, 855.42, 505656),
(40, 4/5/2014, 6.21, 886.99, 831.38, 206.29, 209166);


-- BackTests
insert into Backtests (backtest_id, strat_id, user_id, start_date, end_date, result_summary, may_cause_error)
values (1, 4, 3, 3/19/2015, 4/19/2015, 'Profit', false);
insert into Backtests (backtest_id, strat_id, user_id, start_date, end_date, result_summary, may_cause_error)
values (2, 2, 1, 10/4/2022, 12/4/2022, 'Loss', false);
insert into Backtests (backtest_id, strat_id, user_id, start_date, end_date, result_summary, may_cause_error)
values (3, 1, 4, 10/25/2016, 10/25/2017, 'Profit', false);
insert into Backtests (backtest_id, strat_id, user_id, start_date, end_date, result_summary, may_cause_error)
values (4, 3, 2, 8/29/2014, 8/30/2014, 'Profit', true);

INSERT INTO Backtests (backtest_id, strat_id, user_id, start_date, end_date, result_summary, may_cause_error) VALUES
(5, 23, 8, '1/3/2022', '8/6/2023', 'Aenean lectus. Pellentesque eget nunc. Donec quis orci eget orci vehicula condimentum.', TRUE),
(6, 5, 19, '5/6/2024', '3/9/2022', 'Maecenas ut massa quis augue luctus tincidunt. Nulla mollis molestie lorem. Quisque ut erat.', TRUE),
(7, 11, 32, '1/10/2021', '3/1/2024', 'In sagittis dui vel nisl. Duis ac nibh. Fusce lacus purus, aliquet at, feugiat non, pretium quis, lectus.', TRUE),
(8, 1, 15, '2/3/2022', '12/11/2023', 'Nam ultrices, libero non mattis pulvinar, nulla pede ullamcorper augue, a suscipit nulla elit ac nulla. Sed vel enim sit amet nunc viverra dapibus. Nulla suscipit ligula in lacus.', TRUE),
(9, 18, 25, '2/13/2021', '7/19/2022', 'Aenean lectus. Pellentesque eget nunc. Donec quis orci eget orci vehicula condimentum.', FALSE),
(10, 30, 7, '7/12/2022', '2/18/2024', 'Lorem ipsum dolor sit amet, consectetuer adipiscing elit. Proin risus. Praesent lectus.', FALSE),
(11, 22, 10, '6/13/2022', '8/6/2024', 'Nulla ut erat id mauris vulputate elementum. Nullam varius. Nulla facilisi.', TRUE),
(12, 13, 36, '12/31/2023', '4/30/2023', 'Sed sagittis. Nam congue, risus semper porta volutpat, quam pede lobortis ligula, sit amet eleifend pede libero quis orci. Nullam molestie nibh in lectus.', TRUE),
(13, 9, 20, '9/23/2021', '11/30/2023', 'Phasellus in felis. Donec semper sapien a libero. Nam dui.', TRUE),
(14, 37, 5, '7/12/2025', '8/2/2022', 'Morbi non lectus. Aliquam sit amet diam in magna bibendum imperdiet. Nullam orci pede, venenatis non, sodales sed, tincidunt eu, felis.', FALSE),
(15, 27, 13, '3/22/2025', '6/2/2022', 'Cras mi pede, malesuada in, imperdiet et, commodo vulputate, justo. In blandit ultrices enim. Lorem ipsum dolor sit amet, consectetuer adipiscing elit.', TRUE),
(16, 8, 38, '11/13/2024', '2/9/2022', 'Nulla ut erat id mauris vulputate elementum. Nullam varius. Nulla facilisi.', FALSE),
(17, 35, 4, '11/17/2021', '3/10/2024', 'Quisque id justo sit amet sapien dignissim vestibulum. Vestibulum ante ipsum primis in faucibus orci luctus et ultrices posuere cubilia Curae; Nulla dapibus dolor vel est. Donec odio justo, sollicitudin ut, suscipit a, feugiat et, eros.', TRUE),
(18, 2, 21, '11/8/2020', '4/18/2025', 'Fusce consequat. Nulla nisl. Nunc nisl.', FALSE),
(19, 12, 3, '11/9/2020', '4/17/2025', 'Praesent blandit. Nam nulla. Integer pede justo, lacinia eget, tincidunt eget, tempus vel, pede.', TRUE),
(20, 40, 31, '12/6/2023', '6/24/2025', 'Suspendisse potenti. In eleifend quam a odio. In hac habitasse platea dictumst.', TRUE),
(21, 19, 29, '7/6/2021', '2/22/2023', 'Morbi porttitor lorem id ligula. Suspendisse ornare consequat lectus. In est risus, auctor sed, tristique in, tempus sit amet, sem.', FALSE),
(22, 6, 17, '11/19/2021', '1/18/2022', 'Nullam sit amet turpis elementum ligula vehicula consequat. Morbi a ipsum. Integer a nibh.', FALSE),
(23, 33, 11, '6/27/2022', '3/10/2022', 'Fusce posuere felis sed lacus. Morbi sem mauris, laoreet ut, rhoncus aliquet, pulvinar sed, nisl. Nunc rhoncus dui vel sem.', FALSE),
(24, 14, 24, '12/7/2023', '6/9/2025', 'Vestibulum quam sapien, varius ut, blandit non, interdum in, ante. Vestibulum ante ipsum primis in faucibus orci luctus et ultrices posuere cubilia Curae; Duis faucibus accumsan odio. Curabitur convallis.', FALSE),
(25, 17, 6, '7/14/2022', '12/1/2021', 'Nullam porttitor lacus at turpis. Donec posuere metus vitae ipsum. Aliquam non mauris.', TRUE),
(26, 24, 27, '5/31/2024', '5/30/2023', 'Etiam vel augue. Vestibulum rutrum rutrum neque. Aenean auctor gravida sem.', FALSE),
(27, 20, 30, '4/7/2023', '11/15/2024', 'Proin leo odio, porttitor id, consequat in, consequat ut, nulla. Sed accumsan felis. Ut at dolor quis odio consequat varius.', FALSE),
(28, 16, 9, '2/18/2024', '11/29/2023', 'In quis justo. Maecenas rhoncus aliquam lacus. Morbi quis tortor id nulla ultrices aliquet.', TRUE),
(29, 3, 34, '5/4/2024', '9/5/2022', 'Nulla ut erat id mauris vulputate elementum. Nullam varius. Nulla facilisi.', FALSE),
(30, 7, 1, '11/26/2023', '2/18/2025', 'Curabitur at ipsum ac tellus semper interdum. Mauris ullamcorper purus sit amet nulla. Quisque arcu libero, rutrum ac, lobortis vel, dapibus at, diam.', FALSE),
(31, 28, 16, '9/19/2021', '8/15/2024', 'Sed sagittis. Nam congue, risus semper porta volutpat, quam pede lobortis ligula, sit amet eleifend pede libero quis orci. Nullam molestie nibh in lectus.', TRUE),
(32, 15, 14, '6/29/2021', '11/11/2023', 'Nulla ut erat id mauris vulputate elementum. Nullam varius. Nulla facilisi.', TRUE),
(33, 4, 23, '12/17/2020', '5/21/2024', 'Nullam porttitor lacus at turpis. Donec posuere metus vitae ipsum. Aliquam non mauris.', TRUE),
(34, 10, 26, '2/12/2024', '4/13/2023', 'Maecenas leo odio, condimentum id, luctus nec, molestie sed, justo. Pellentesque viverra pede ac diam. Cras pellentesque volutpat dui.', TRUE),
(35, 25, 35, '9/16/2023', '11/16/2022', 'In sagittis dui vel nisl. Duis ac nibh. Fusce lacus purus, aliquet at, feugiat non, pretium quis, lectus.', FALSE),
(36, 21, 12, '6/10/2023', '4/10/2025', 'Phasellus in felis. Donec semper sapien a libero. Nam dui.', TRUE);

-- BackTest_assets
insert into Backtest_assets (backtest_id, asset_id)
values (1,3);
insert into Backtest_assets (backtest_id, asset_id)
values (2,2);
insert into Backtest_assets (backtest_id, asset_id)
values (3,4);
insert into Backtest_assets (backtest_id, asset_id)
values (4,1);

INSERT INTO Backtest_assets (backtest_id, asset_id) VALUES
(15, 12),
(33, 7),
(6, 29),
(18, 22),
(40, 15),
(27, 9),
(8, 20),
(12, 18),
(22, 10),
(9, 39),
(19, 24),
(28, 16),
(14, 34),
(37, 11),
(11, 8),
(21, 5),
(17, 13),
(23, 38),
(31, 6),
(25, 30),
(7, 35),
(39, 26),
(10, 31),
(24, 19),
(13, 28),
(5, 37),
(16, 25),
(20, 14),
(35, 23),
(26, 21),
(30, 17),
(34, 27),
(36, 33),
(38, 32),
(29, 36),
(32, 40);

INSERT INTO Backtest_assets (backtest_id, asset_id) VALUES
(7, 25),
(12, 34),
(19, 8),
(4, 17),
(29, 36),
(38, 3),
(23, 10),
(15, 40),
(30, 1),
(8, 12),
(32, 27),
(3, 21),
(16, 5),
(20, 28),
(26, 14),
(11, 31),
(35, 9),
(9, 26),
(6, 4),
(25, 38),
(10, 6),
(18, 19),
(27, 33),
(39, 18),
(2, 29),
(22, 37),
(31, 13),
(37, 16),
(40, 24),
(28, 32),
(21, 7),
(5, 11),
(14, 35),
(36, 23),
(24, 20),
(17, 15),
(1, 39),
(13, 30),
(19, 2),
(33, 28),
(8, 37),
(16, 10),
(23, 12),
(4, 29),
(7, 34),
(38, 8),
(3, 19),
(30, 22),
(25, 1),
(15, 6),
(26, 25),
(32, 9),
(20, 4),
(40, 17),
(36, 14),
(6, 39),
(17, 27),
(28, 15),
(13, 5),
(22, 31),
(19, 26),
(35, 37),
(12, 7),
(39, 3),
(18, 35),
(27, 23),
(11, 21),
(24, 40),
(10, 32),
(29, 38),
(33, 20),
(8, 1),
(37, 24),
(1, 25),
(14, 13),
(3, 16),
(34, 18),
(2, 36),
(9, 14),
(30, 7),
(21, 8),
(15, 19),
(26, 33),
(40, 5),
(4, 37),
(35, 28),
(25, 29),
(36, 27),
(16, 2),
(23, 11),
(31, 39),
(5, 17),
(32, 26),
(18, 22),
(28, 6),
(7, 30),
(20, 9),
(6, 12),
(19, 38),
(11, 10),
(29, 34),
(24, 8),
(38, 15),
(33, 32),
(12, 1),
(39, 21),
(22, 4),
(9, 18),
(14, 40),
(17, 3),
(8, 36),
(37, 13),
(5, 31),
(27, 16),
(40, 14);

-- Metrics
insert into Metrics (backtest_id, roi, drawdown, sharpe_ratio, volatility, win_rate)
values (1, 7.91, 32.15, 1.49, 41.03, 34.26);
insert into Metrics (backtest_id, roi, drawdown, sharpe_ratio, volatility, win_rate)
values (2, 81.91, 84.46, 1.43, 24.68, 4.32);
insert into Metrics (backtest_id, roi, drawdown, sharpe_ratio, volatility, win_rate)
values (3, 25.79, 77.48, 1.07, 31.3, 45.19);
insert into Metrics (backtest_id, roi, drawdown, sharpe_ratio, volatility, win_rate)
values (4, 28.73, 73.64, 0.4, 4.65, 94.24);

INSERT INTO Metrics (backtest_id, roi, drawdown, sharpe_ratio, volatility, win_rate) VALUES
(5, 13.89, 77.67, 1.91, 37.87, 45.39),
(6, 71.82, 56.42, -8.99, 29.65, 3.1),
(7, 43.4, 60.42, 3.48, 93.87, 16.42),
(8, 97.49, 58.28, -8.06, 88.07, 14.86),
(9, 68.14, 41.12, 9.11, 33.64, 90.32),
(10, 28.15, 97.8, 9.05, 51.3, 21.84),
(11, 32.29, 73.24, -2.73, 73.46, 80.28),
(12, 9.08, 5.29, -9.37, 27.2, 96.62),
(13, 68.02, 25.67, 8.28, 21.78, 16.28),
(14, 33.9, 52.66, -8.42, 99.57, 28.73),
(15, 77.38, 5.14, -4.43, 58.08, 76.07),
(16, 3.31, 40.65, -9.4, 50.23, 70.63),
(17, 52.03, 48.09, -7.61, 49.76, 33.18),
(18, 9.56, 90.22, -6.42, 86.51, 7.86),
(19, 71.6, 3.94, -4.42, 77.08, 61.49),
(20, 11.37, 52.28, -2.05, 12.93, 60.55),
(21, 3.23, 92.2, -2.23, 13.7, 3.81),
(22, 17.35, 74.96, -2.54, 41.99, 52.47),
(23, 91.83, 80.64, 0.45, 18.46, 8.99),
(24, 80.52, 73.89, -2.29, 94.36, 79.48),
(25, 75.09, 2.3, -3.8, 66.92, 42.36),
(26, 20.91, 88.79, 1.46, 17.5, 90.09),
(27, 6.21, 20.71, -6.11, 6.7, 47.01),
(28, 35.38, 48.94, 5.43, 62.3, 5.92),
(29, 74.95, 87.06, 2.51, 3.23, 86.51),
(30, 82.4, 15.87, 5.92, 38.74, 86.32),
(31, 37.12, 37.78, -4.78, 78.32, 15.51),
(32, 82.39, 63.74, 1.35, 92.1, 30.54),
(33, 80.53, 82.27, -7.55, 89.0, 76.65),
(34, 65.16, 87.08, 3.8, 32.02, 16.39),
(35, 85.62, 59.18, -5.62, 2.68, 15.49),
(36, 31.04, 71.07, 9.68, 14.51, 26.91);

-- Errors
insert into Errors (error_id, timestamp, message, severity, may_cause_error, backtest_id)
values (1, 1/19/2020, 'Suspendisse accumsan tortor quis turpis.', 'medium', true, 1);
insert into Errors (error_id, timestamp, message, severity, may_cause_error, backtest_id)
values (2, 8/11/2020, 'Proin leo odio, porttitor id, consequat in, consequat ut, nulla.', 'high', true, 2);
insert into Errors (error_id, timestamp, message, severity, may_cause_error, backtest_id)
values (3, 11/14/2021, 'Nam nulla. Integer pede justo, lacinia eget, tincidunt eget, tempus vel, pede. Morbi porttitor lorem id ligula. Suspendisse ornare consequat lectus.', 'high', true, 3);
insert into Errors (error_id, timestamp, message, severity, may_cause_error, backtest_id)
values (4, 3/24/2020, 'Morbi ut odio. Cras mi pede, malesuada in, imperdiet et, commodo vulputate, justo. In blandit ultrices enim.', 'low', true, 4);

INSERT INTO Errors (error_id, timestamp, message, severity, may_cause_error, backtest_id) VALUES
(5, 4/28/2022, 'Duis mattis egestas metus. Aenean fermentum. Donec ut mauris eget massa tempor convallis. Nulla neque libero, convallis eget, eleifend luctus, ultricies eu, nibh. Quisque id justo sit amet sapien dignissim vestibulum.', 'medium', FALSE, 27),
(6, 2/19/2022, 'Aenean lectus. Pellentesque eget nunc.', 'low', TRUE, 8),
(7, 9/19/2022, 'Vestibulum ante ipsum primis in faucibus orci luctus et ultrices posuere cubilia Curae; Duis faucibus accumsan odio. Curabitur convallis. Duis consequat dui nec nisi volutpat eleifend. Donec ut dolor.', 'low', TRUE, 31),
(8, 8/5/2022, 'Vestibulum ante ipsum primis in faucibus orci luctus et ultrices posuere cubilia Curae; Mauris viverra diam vitae quam. Suspendisse potenti. Nullam porttitor lacus at turpis. Donec posuere metus vitae ipsum. Aliquam non mauris. Morbi non lectus. Aliquam sit amet diam in magna bibendum imperdiet.', 'medium', TRUE, 12),
(9, 5/13/2022, 'Mauris enim leo, rhoncus sed, vestibulum sit amet, cursus id, turpis. Integer aliquet, massa id lobortis convallis, tortor risus dapibus augue, vel accumsan tellus nisi eu orci. Mauris lacinia sapien quis libero. Nullam sit amet turpis elementum ligula vehicula consequat.', 'medium', TRUE, 4),
(10, 10/24/2022, 'Nam ultrices, libero non mattis pulvinar, nulla pede ullamcorper augue, a suscipit nulla elit ac nulla. Sed vel enim sit amet nunc viverra dapibus. Nulla suscipit ligula in lacus. Curabitur at ipsum ac tellus semper interdum. Mauris ullamcorper purus sit amet nulla. Quisque arcu libero, rutrum ac, lobortis vel, dapibus at, diam.', 'high', TRUE, 39),
(11, 6/23/2022, 'Donec ut dolor. Morbi vel lectus in quam fringilla rhoncus. Mauris enim leo, rhoncus sed, vestibulum sit amet, cursus id, turpis. Integer aliquet, massa id lobortis convallis, tortor risus dapibus augue, vel accumsan tellus nisi eu orci. Mauris lacinia sapien quis libero. Nullam sit amet turpis elementum ligula vehicula consequat. Morbi a ipsum. Integer a nibh. In quis justo.', 'high', TRUE, 14),
(12, 7/12/2022, 'Vivamus vel nulla eget eros elementum pellentesque. Quisque porta volutpat erat. Quisque erat eros, viverra eget, congue eget, semper rutrum, nulla. Nunc purus. Phasellus in felis. Donec semper sapien a libero.', 'high', FALSE, 2),
(13, 1/20/2022, 'Mauris sit amet eros. Suspendisse accumsan tortor quis turpis. Sed ante. Vivamus tortor. Duis mattis egestas metus. Aenean fermentum.', 'high', FALSE, 6),
(14, 4/12/2022, 'Suspendisse potenti. Cras in purus eu magna vulputate luctus. Cum sociis natoque penatibus et magnis dis parturient montes, nascetur ridiculus mus. Vivamus vestibulum sagittis sapien. Cum sociis natoque penatibus et magnis dis parturient montes, nascetur ridiculus mus.', 'low', FALSE, 18),
(15, 12/30/2022, 'Duis aliquam convallis nunc. Proin at turpis a pede posuere nonummy. Integer non velit. Donec diam neque, vestibulum eget, vulputate ut, ultrices vel, augue. Vestibulum ante ipsum primis in faucibus orci luctus et ultrices posuere cubilia Curae; Donec pharetra, magna vestibulum aliquet ultrices, erat tortor sollicitudin mi, sit amet lobortis sapien sapien non mi. Integer ac neque. Duis bibendum. Morbi non quam nec dui luctus rutrum. Nulla tellus. In sagittis dui vel nisl.', 'low', FALSE, 21),
(16, 5/28/2022, 'Integer non velit. Donec diam neque, vestibulum eget, vulputate ut, ultrices vel, augue. Vestibulum ante ipsum primis in faucibus orci luctus et ultrices posuere cubilia Curae; Donec pharetra, magna vestibulum aliquet ultrices, erat tortor sollicitudin mi, sit amet lobortis sapien sapien non mi. Integer ac neque. Duis bibendum. Morbi non quam nec dui luctus rutrum. Nulla tellus. In sagittis dui vel nisl. Duis ac nibh.', 'low', FALSE, 36),
(17, 7/9/2022, 'Mauris lacinia sapien quis libero. Nullam sit amet turpis elementum ligula vehicula consequat. Morbi a ipsum. Integer a nibh. In quis justo. Maecenas rhoncus aliquam lacus. Morbi quis tortor id nulla ultrices aliquet. Maecenas leo odio, condimentum id, luctus nec, molestie sed, justo. Pellentesque viverra pede ac diam.', 'high', TRUE, 23),
(18, 11/2/2022, 'Aenean auctor gravida sem. Praesent id massa id nisl venenatis lacinia.', 'high', FALSE, 38),
(19, 4/9/2022, 'Nulla tellus. In sagittis dui vel nisl. Duis ac nibh. Fusce lacus purus, aliquet at, feugiat non, pretium quis, lectus. Suspendisse potenti.', 'medium', TRUE, 30),
(20, 1/24/2022, 'Morbi quis tortor id nulla ultrices aliquet. Maecenas leo odio, condimentum id, luctus nec, molestie sed, justo. Pellentesque viverra pede ac diam. Cras pellentesque volutpat dui.', 'medium', TRUE, 25);
INSERT INTO Errors (error_id, timestamp, message, severity, may_cause_error, backtest_id) VALUES
(21, 9/20/2022, 'Vestibulum ac est lacinia nisi venenatis tristique. Fusce congue, diam id ornare imperdiet, sapien urna pretium nisl, ut volutpat sapien arcu sed augue.', 'low', FALSE, 5),
(22, 12/3/2022, 'Nulla facilisi. Cras non velit nec nisi vulputate nonummy.', 'high', TRUE, 15),
(23, 3/3/2022, 'In tempor, turpis nec euismod scelerisque, quam turpis adipiscing lorem, vitae mattis nibh ligula nec sem. Duis aliquam convallis nunc. Proin at turpis a pede posuere nonummy. Integer non velit. Donec diam neque, vestibulum eget, vulputate ut, ultrices vel, augue. Vestibulum ante ipsum primis in faucibus orci luctus et ultrices posuere cubilia Curae; Donec pharetra, magna vestibulum aliquet ultrices, erat tortor sollicitudin mi, sit amet lobortis sapien sapien non mi.', 'medium', FALSE, 33),
(24, 1/27/2022, 'Nam nulla.', 'medium', TRUE, 19),
(25, 8/19/2022, 'Quisque porta volutpat erat. Quisque erat eros, viverra eget, congue eget, semper rutrum, nulla.', 'medium', FALSE, 11),
(26, 1/27/2022, 'Morbi ut odio. Cras mi pede, malesuada in, imperdiet et, commodo vulputate, justo. In blandit ultrices enim. Lorem ipsum dolor sit amet, consectetuer adipiscing elit.', 'low', TRUE, 26),
(27, 2/4/2022, 'Fusce consequat. Nulla nisl. Nunc nisl. Duis bibendum, felis sed interdum venenatis, turpis enim blandit mi, in porttitor pede justo eu massa.', 'low', FALSE, 7),
(28, 9/1/2022, 'Morbi non quam nec dui luctus rutrum. Nulla tellus. In sagittis dui vel nisl. Duis ac nibh. Fusce lacus purus, aliquet at, feugiat non, pretium quis, lectus. Suspendisse potenti. In eleifend quam a odio. In hac habitasse platea dictumst. Maecenas ut massa quis augue luctus tincidunt.', 'high', TRUE, 40),
(29, 7/30/2022, 'In quis justo. Maecenas rhoncus aliquam lacus. Morbi quis tortor id nulla ultrices aliquet. Maecenas leo odio, condimentum id, luctus nec, molestie sed, justo. Pellentesque viverra pede ac diam. Cras pellentesque volutpat dui.', 'high', TRUE, 1),
(30, 3/16/2022, 'Nulla mollis molestie lorem. Quisque ut erat.', 'low', TRUE, 9),
(31, 12/24/2022, 'Vivamus metus arcu, adipiscing molestie, hendrerit at, vulputate vitae, nisl.', 'medium', TRUE, 28),
(32, 5/29/2022, 'Aenean fermentum. Donec ut mauris eget massa tempor convallis. Nulla neque libero, convallis eget, eleifend luctus, ultricies eu, nibh. Quisque id justo sit amet sapien dignissim vestibulum. Vestibulum ante ipsum primis in faucibus orci luctus et ultrices posuere cubilia Curae; Nulla dapibus dolor vel est. Donec odio justo, sollicitudin ut, suscipit a, feugiat et, eros. Vestibulum ac est lacinia nisi venenatis tristique. Fusce congue, diam id ornare imperdiet, sapien urna pretium nisl, ut volutpat sapien arcu sed augue.', 'low', FALSE, 17),
(33, 10/15/2022, 'In tempor, turpis nec euismod scelerisque, quam turpis adipiscing lorem, vitae mattis nibh ligula nec sem. Duis aliquam convallis nunc.', 'low', FALSE, 3),
(34, 10/9/2022, 'In hac habitasse platea dictumst. Morbi vestibulum, velit id pretium iaculis, diam erat fermentum justo, nec condimentum neque sapien placerat ante. Nulla justo. Aliquam quis turpis eget elit sodales scelerisque. Mauris sit amet eros.', 'low', FALSE, 13),
(35, 8/17/2022, 'Aliquam erat volutpat. In congue. Etiam justo. Etiam pretium iaculis justo. In hac habitasse platea dictumst. Etiam faucibus cursus urna. Ut tellus. Nulla ut erat id mauris vulputate elementum. Nullam varius.', 'medium', TRUE, 34),
(36, 2/2/2022, 'Donec semper sapien a libero. Nam dui.', 'high', FALSE, 22);

-- User_activity_log
insert into User_activity_log (log_id, user_id, action, timestamp)
values (1,4, 'cancel', 7/14/2022);
insert into User_activity_log (log_id, user_id, action, timestamp)
values (2,3, 'sell', 1/28/2022);
insert into User_activity_log (log_id, user_id, action, timestamp)
values (3,2, 'sell', 8/21/2022);
insert into User_activity_log (log_id, user_id, action, timestamp)
values (4,1, 'hold', 8/12/2022);

INSERT INTO User_activity_log (log_id, user_id, action, timestamp) VALUES
(5, 14, 'trade', '2022-04-28'),
(6, 21, 'hold', '2022-07-01'),
(7, 3, 'buy', '2022-10-09'),
(8, 30, 'trade', '2022-09-19'),
(9, 8, 'trade', '2022-06-15'),
(10, 25, 'trade', '2022-08-07'),
(11, 1, 'buy', '2022-04-28'),
(12, 36, 'hold', '2022-12-22'),
(13, 17, 'trade', '2022-06-13'),
(14, 12, 'sell', '2022-10-05'),
(15, 7, 'sell', '2022-02-25'),
(16, 29, 'trade', '2022-09-14'),
(17, 5, 'hold', '2022-06-22'),
(18, 15, 'sell', '2022-04-28'),
(19, 19, 'hold', '2022-06-14'),
(20, 26, 'trade', '2022-04-07'),
(21, 33, 'buy', '2022-12-20'),
(22, 10, 'trade', '2022-02-01'),
(23, 24, 'buy', '2022-08-27'),
(24, 11, 'hold', '2022-02-28'),
(25, 35, 'sell', '2022-04-17'),
(26, 2, 'trade', '2022-09-20'),
(27, 13, 'hold', '2022-10-11'),
(28, 22, 'sell', '2022-07-09'),
(29, 16, 'hold', '2022-05-02'),
(30, 9, 'hold', '2022-03-06'),
(31, 27, 'trade', '2022-12-10'),
(32, 20, 'trade', '2022-10-18'),
(33, 23, 'sell', '2022-10-02'),
(34, 4, 'hold', '2022-01-15'),
(35, 18, 'buy', '2022-03-03'),
(36, 31, 'sell', '2022-02-25'),
(37, 28, 'buy', '2022-11-18'),
(38, 32, 'hold', '2022-10-25'),
(39, 6, 'trade', '2022-06-13'),
(40, 34, 'sell', '2022-01-05');

-- Backups
insert into Backups (backup_id, timestamp, status, log_id)
values (1, 3/3/2020, 'pending', 1);
insert into Backups (backup_id, timestamp, status, log_id)
values (2, 12/13/2021, 'active', 2);
insert into Backups (backup_id, timestamp, status, log_id)
values (3, 5/15/2021, 'pending', 3);
insert into Backups (backup_id, timestamp, status, log_id)
values (4, 10/9/2021, 'pending', 4);

INSERT INTO Backups (backup_id, timestamp, status, log_id) VALUES
(5, '3/26/2022', 'in progress', 27),
(6, '5/22/2022', 'success', 3),
(7, '3/17/2022', 'success', 15),
(8, '1/20/2022', 'failure', 9),
(9, '10/5/2022', 'success', 34),
(10, '4/3/2022', 'success', 7),
(11, '10/22/2022', 'in progress', 21),
(12, '6/27/2022', 'success', 14),
(13, '11/5/2022', 'in progress', 5),
(14, '10/5/2022', 'success', 18),
(15, '3/11/2022', 'in progress', 1),
(16, '7/15/2022', 'in progress', 40),
(17, '10/22/2022', 'success', 23),
(18, '8/17/2022', 'failure', 6),
(19, '9/13/2022', 'in progress', 30),
(20, '6/21/2022', 'success', 26),
(21, '1/29/2022', 'failure', 11),
(22, '9/23/2022', 'failure', 32),
(23, '10/2/2022', 'failure', 20),
(24, '6/16/2022', 'success', 12),
(25, '1/6/2022', 'in progress', 24),
(26, '3/26/2022', 'failure', 2),
(27, '6/17/2022', 'success', 38),
(28, '12/3/2022', 'in progress', 25),
(29, '11/28/2022', 'failure', 10),
(30, '9/27/2022', 'in progress', 19),
(31, '12/2/2022', 'success', 29),
(32, '9/6/2022', 'in progress', 17),
(33, '5/3/2022', 'in progress', 8),
(34, '2/19/2022', 'success', 36),
(35, '9/12/2022', 'failure', 22),
(36, '9/6/2022', 'success', 4),
(37, '12/29/2022', 'success', 35),
(38, '1/17/2022', 'in progress', 13),
(39, '6/1/2022', 'failure', 31),
(40, '2/17/2022', 'in progress', 16);

-- Strategy_rules
insert into strategy_rules (rule_id, strat_id, rule_type, parameters)
values (1 , 2, 'sell', '[{},{}]');
insert into strategy_rules (rule_id, strat_id, rule_type, parameters)
values (2 , 3, 'sell', '[]');
insert into strategy_rules (rule_id, strat_id, rule_type, parameters)
values (3 , 1, 'hold', '[{},{},{}]');
insert into strategy_rules (rule_id, strat_id, rule_type, parameters)
values (4 , 4, 'buy', '[{}]');

INSERT INTO strategy_rules (rule_id, strat_id, rule_type, parameters) VALUES
(5, 23, 'buy', '[{},{},{}]'),
(6, 11, 'hold', '[]'),
(7, 37, 'hold', '[{}]'),
(8, 2, 'hold', '[]'),
(9, 29, 'hold', '[{},{},{}]'),
(10, 5, 'sell', '[{}]'),
(11, 19, 'buy', '[]'),
(12, 33, 'sell', '[{}]'),
(13, 6, 'buy', '[{},{},{}]'),
(14, 27, 'hold', '[{}]'),
(15, 16, 'sell', '[]'),
(16, 31, 'hold', '[]'),
(17, 1, 'sell', '[{}]'),
(18, 40, 'sell', '[{},{},{}]'),
(19, 10, 'hold', '[{}]'),
(20, 7, 'buy', '[{}]'),
(21, 24, 'hold', '[{},{},{}]'),
(22, 8, 'buy', '[{}]'),
(23, 36, 'buy', '[{},{},{}]'),
(24, 21, 'sell', '[{},{},{}]'),
(25, 12, 'sell', '[]'),
(26, 35, 'hold', '[]'),
(27, 30, 'hold', '[{},{},{}]'),
(28, 13, 'sell', '[]'),
(29, 22, 'hold', '[{},{},{}]'),
(30, 18, 'buy', '[{}]'),
(31, 9, 'buy', '[]'),
(32, 28, 'hold', '[]'),
(33, 15, 'sell', '[{}]'),
(34, 25, 'buy', '[{}]'),
(35, 20, 'buy', '[{},{},{}]'),
(36, 14, 'buy', '[{}]');


-- Tutorials
insert into Tutorials (title, content, is_active, rule_id)
values ('step 1', 'Maecenas ut massa quis augue luctus tincidunt. Nulla mollis molestie lorem. Quisque ut erat.', true, 1);
insert into Tutorials (title, content, is_active, rule_id)
values ('step 2', 'Duis aliquam convallis nunc. Proin at turpis a pede posuere nonummy. Integer non velit.', false, 2);
insert into Tutorials (title, content, is_active, rule_id)
values ('step 3', 'In congue. Etiam justo. Etiam pretium iaculis justo.', false, 3);
insert into Tutorials (title, content, is_active, rule_id)
values ('step 4', 'Sed ante. Vivamus tortor. Duis mattis egestas metus.', false, 4);

INSERT INTO Tutorials (title, content, is_active, rule_id) VALUES
('Introduction to Stock Markets', 'Quisque id justo sit amet sapien dignissim vestibulum. Vestibulum ante ipsum primis in faucibus orci luctus et ultrices posuere cubilia Curae; Nulla dapibus dolor vel est. Donec odio justo, sollicitudin ut, suscipit a, feugiat et, eros. Vestibulum ac est lacinia nisi venenatis tristique. Fusce congue, diam id ornare imperdiet, sapien urna pretium nisl, ut volutpat sapien arcu sed augue. Aliquam erat volutpat.', FALSE, 5),
('Understanding Trading Strategies', 'Praesent blandit. Nam nulla. Integer pede justo, lacinia eget, tincidunt eget, tempus vel, pede. Morbi porttitor lorem id ligula. Suspendisse ornare consequat lectus. In est risus, auctor sed, tristique in, tempus sit amet, sem.', TRUE, 6),
('Technical Analysis Basics', 'In congue. Etiam justo. Etiam pretium iaculis justo.', FALSE, 7),
('Reading Stock Charts', 'Phasellus sit amet erat. Nulla tempus. Vivamus in felis eu sapien cursus vestibulum. Proin eu mi. Nulla ac enim. In tempor, turpis nec euismod scelerisque, quam turpis adipiscing lorem, vitae mattis nibh ligula nec sem. Duis aliquam convallis nunc. Proin at turpis a pede posuere nonummy. Integer non velit.', FALSE, 8),
('Candlestick Patterns Explained', 'Duis aliquam convallis nunc. Proin at turpis a pede posuere nonummy. Integer non velit. Donec diam neque, vestibulum eget, vulputate ut, ultrices vel, augue. Vestibulum ante ipsum primis in faucibus orci luctus et ultrices posuere cubilia Curae; Donec pharetra, magna vestibulum aliquet ultrices, erat tortor sollicitudin mi, sit amet lobortis sapien sapien non mi. Integer ac neque. Duis bibendum. Morbi non quam nec dui luctus rutrum. Nulla tellus.', TRUE, 9),
('Risk Management in Trading', 'Maecenas ut massa quis augue luctus tincidunt. Nulla mollis molestie lorem. Quisque ut erat. Curabitur gravida nisi at nibh. In hac habitasse platea dictumst. Aliquam augue quam, sollicitudin vitae, consectetuer eget, rutrum at, lorem. Integer tincidunt ante vel ipsum. Praesent blandit lacinia erat. Vestibulum sed magna at nunc commodo placerat.', FALSE, 10),
('Fundamental Analysis Overview', 'Maecenas tristique, est et tempus semper, est quam pharetra magna, ac consequat metus sapien ut nunc. Vestibulum ante ipsum primis in faucibus orci luctus et ultrices posuere cubilia Curae; Mauris viverra diam vitae quam. Suspendisse potenti. Nullam porttitor lacus at turpis. Donec posuere metus vitae ipsum. Aliquam non mauris. Morbi non lectus. Aliquam sit amet diam in magna bibendum imperdiet. Nullam orci pede, venenatis non, sodales sed, tincidunt eu, felis.', FALSE, 11),
('Developing a Trading Plan', 'Vestibulum quam sapien, varius ut, blandit non, interdum in, ante. Vestibulum ante ipsum primis in faucibus orci luctus et ultrices posuere cubilia Curae; Duis faucibus accumsan odio. Curabitur convallis. Duis consequat dui nec nisi volutpat eleifend. Donec ut dolor. Morbi vel lectus in quam fringilla rhoncus.', TRUE, 12),
('Using Moving Averages', 'In quis justo. Maecenas rhoncus aliquam lacus. Morbi quis tortor id nulla ultrices aliquet. Maecenas leo odio, condimentum id, luctus nec, molestie sed, justo. Pellentesque viverra pede ac diam. Cras pellentesque volutpat dui.', FALSE, 13),
('Support and Resistance Levels', 'Vestibulum quam sapien, varius ut, blandit non, interdum in, ante. Vestibulum ante ipsum primis in faucibus orci luctus et ultrices posuere cubilia Curae; Duis faucibus accumsan odio. Curabitur convallis. Duis consequat dui nec nisi volutpat eleifend. Donec ut dolor. Morbi vel lectus in quam fringilla rhoncus. Mauris enim leo, rhoncus sed, vestibulum sit amet, cursus id, turpis. Integer aliquet, massa id lobortis convallis, tortor risus dapibus augue, vel accumsan tellus nisi eu orci. Mauris lacinia sapien quis libero.', FALSE, 14),
('Psychology of Trading', 'In hac habitasse platea dictumst. Etiam faucibus cursus urna. Ut tellus.', TRUE, 15),
('Advanced Charting Techniques', 'Aliquam quis turpis eget elit sodales scelerisque. Mauris sit amet eros. Suspendisse accumsan tortor quis turpis. Sed ante. Vivamus tortor. Duis mattis egestas metus. Aenean fermentum. Donec ut mauris eget massa tempor convallis. Nulla neque libero, convallis eget, eleifend luctus, ultricies eu, nibh.', TRUE, 16),
('Day Trading Essentials', 'Proin interdum mauris non ligula pellentesque ultrices. Phasellus id sapien in sapien iaculis congue. Vivamus metus arcu, adipiscing molestie, hendrerit at, vulputate vitae, nisl. Aenean lectus. Pellentesque eget nunc. Donec quis orci eget orci vehicula condimentum. Curabitur in libero ut massa volutpat convallis. Morbi odio odio, elementum eu, interdum eu, tincidunt in, leo. Maecenas pulvinar lobortis est.', TRUE, 17),
('Swing Trading Strategies', 'Praesent blandit. Nam nulla. Integer pede justo, lacinia eget, tincidunt eget, tempus vel, pede. Morbi porttitor lorem id ligula. Suspendisse ornare consequat lectus. In est risus, auctor sed, tristique in, tempus sit amet, sem. Fusce consequat. Nulla nisl. Nunc nisl.', TRUE, 18),
('Trading with Indicators', 'Sed sagittis. Nam congue, risus semper porta volutpat, quam pede lobortis ligula, sit amet eleifend pede libero quis orci. Nullam molestie nibh in lectus.', FALSE, 19),
('Portfolio Diversification', 'Suspendisse potenti. In eleifend quam a odio. In hac habitasse platea dictumst.', FALSE, 20),
('Setting Stop Losses', 'In quis justo. Maecenas rhoncus aliquam lacus. Morbi quis tortor id nulla ultrices aliquet. Maecenas leo odio, condimentum id, luctus nec, molestie sed, justo. Pellentesque viverra pede ac diam. Cras pellentesque volutpat dui. Maecenas tristique, est et tempus semper, est quam pharetra magna, ac consequat metus sapien ut nunc. Vestibulum ante ipsum primis in faucibus orci luctus et ultrices posuere cubilia Curae; Mauris viverra diam vitae quam. Suspendisse potenti.', TRUE, 21),
('Market Order vs Limit Order', 'Phasellus in felis. Donec semper sapien a libero. Nam dui.', FALSE, 22),
('Volume Analysis', 'Duis bibendum. Morbi non quam nec dui luctus rutrum. Nulla tellus. In sagittis dui vel nisl. Duis ac nibh. Fusce lacus purus, aliquet at, feugiat non, pretium quis, lectus.', TRUE, 23),
('Trading Plan Development', 'Aenean fermentum. Donec ut mauris eget massa tempor convallis. Nulla neque libero, convallis eget, eleifend luctus, ultricies eu, nibh. Quisque id justo sit amet sapien dignissim vestibulum. Vestibulum ante ipsum primis in faucibus orci luctus et ultrices posuere cubilia Curae; Nulla dapibus dolor vel est. Donec odio justo, sollicitudin ut, suscipit a, feugiat et, eros.', TRUE, 24),
('Understanding Market Trends', 'Lorem ipsum dolor sit amet, consectetuer adipiscing elit. Proin risus. Praesent lectus. Vestibulum quam sapien, varius ut, blandit non, interdum in, ante. Vestibulum ante ipsum primis in faucibus orci luctus et ultrices posuere cubilia Curae; Duis faucibus accumsan odio. Curabitur convallis. Duis consequat dui nec nisi volutpat eleifend. Donec ut dolor. Morbi vel lectus in quam fringilla rhoncus.', TRUE, 25),
('Common Trading Mistakes', 'Praesent blandit. Nam nulla. Integer pede justo, lacinia eget, tincidunt eget, tempus vel, pede.', FALSE, 26),
('Backtesting Strategies', 'Vestibulum ac est lacinia nisi venenatis tristique. Fusce congue, diam id ornare imperdiet, sapien urna pretium nisl, ut volutpat sapien arcu sed augue. Aliquam erat volutpat. In congue. Etiam justo. Etiam pretium iaculis justo.', TRUE, 27),
('Trading Psychology Tips', 'Aenean fermentum. Donec ut mauris eget massa tempor convallis. Nulla neque libero, convallis eget, eleifend luctus, ultricies eu, nibh. Quisque id justo sit amet sapien dignissim vestibulum. Vestibulum ante ipsum primis in faucibus orci luctus et ultrices posuere cubilia Curae; Nulla dapibus dolor vel est. Donec odio justo, sollicitudin ut, suscipit a, feugiat et, eros. Vestibulum ac est lacinia nisi venenatis tristique. Fusce congue, diam id ornare imperdiet, sapien urna pretium nisl, ut volutpat sapien arcu sed augue. Aliquam erat volutpat.', TRUE, 28),
('Understanding Market Orders', 'Nam ultrices, libero non mattis pulvinar, nulla pede ullamcorper augue, a suscipit nulla elit ac nulla. Sed vel enim sit amet nunc viverra dapibus. Nulla suscipit ligula in lacus. Curabitur at ipsum ac tellus semper interdum. Mauris ullamcorper purus sit amet nulla. Quisque arcu libero, rutrum ac, lobortis vel, dapibus at, diam.', TRUE, 29),
('Using Technical Indicators', 'In congue. Etiam justo. Etiam pretium iaculis justo. In hac habitasse platea dictumst. Etiam faucibus cursus urna. Ut tellus.', TRUE, 30),
('Building a Watchlist', 'Aliquam quis turpis eget elit sodales scelerisque. Mauris sit amet eros. Suspendisse accumsan tortor quis turpis. Sed ante. Vivamus tortor. Duis mattis egestas metus. Aenean fermentum. Donec ut mauris eget massa tempor convallis. Nulla neque libero, convallis eget, eleifend luctus, ultricies eu, nibh.', TRUE, 31),
('Order Execution Explained', 'Proin eu mi. Nulla ac enim. In tempor, turpis nec euismod scelerisque, quam turpis adipiscing lorem, vitae mattis nibh ligula nec sem.', FALSE, 32),
('Analyzing Market Sentiment', 'Lorem ipsum dolor sit amet, consectetuer adipiscing elit. Proin risus. Praesent lectus. Vestibulum quam sapien, varius ut, blandit non, interdum in, ante. Vestibulum ante ipsum primis in faucibus orci luctus et ultrices posuere cubilia Curae; Duis faucibus accumsan odio. Curabitur convallis. Duis consequat dui nec nisi volutpat eleifend. Donec ut dolor. Morbi vel lectus in quam fringilla rhoncus.', TRUE, 33),
('Understanding Volatility', 'Morbi porttitor lorem id ligula. Suspendisse ornare consequat lectus. In est risus, auctor sed, tristique in, tempus sit amet, sem. Fusce consequat. Nulla nisl. Nunc nisl.', TRUE, 34),
('Tax Implications of Trading', 'Cras non velit nec nisi vulputate nonummy. Maecenas tincidunt lacus at velit. Vivamus vel nulla eget eros elementum pellentesque.', FALSE, 35),
('Building Trading Discipline', 'Fusce consequat. Nulla nisl. Nunc nisl.', FALSE, 36),
('Evaluating Trading Platforms', 'Phasellus sit amet erat. Nulla tempus. Vivamus in felis eu sapien cursus vestibulum. Proin eu mi. Nulla ac enim. In tempor, turpis nec euismod scelerisque, quam turpis adipiscing lorem, vitae mattis nibh ligula nec sem.', TRUE, 37),
('Understanding ETFs and Mutual Funds', 'Donec diam neque, vestibulum eget, vulputate ut, ultrices vel, augue. Vestibulum ante ipsum primis in faucibus orci luctus et ultrices posuere cubilia Curae; Donec pharetra, magna vestibulum aliquet ultrices, erat tortor sollicitudin mi, sit amet lobortis sapien sapien non mi.', TRUE, 38),
('Automated Trading Systems', 'Quisque id justo sit amet sapien dignissim vestibulum. Vestibulum ante ipsum primis in faucibus orci luctus et ultrices posuere cubilia Curae; Nulla dapibus dolor vel est. Donec odio justo, sollicitudin ut, suscipit a, feugiat et, eros.', TRUE, 39),
('Evaluating Market News', 'Praesent blandit. Nam nulla. Integer pede justo, lacinia eget, tincidunt eget, tempus vel, pede. Morbi porttitor lorem id ligula. Suspendisse ornare consequat lectus.', TRUE, 40);
